178	{"type": "MultiLineString", "coordinates": [[[-41.3176641, -21.7672378], [-41.3169926, -21.7677031]]]}
279	{"type": "MultiLineString", "coordinates": [[[-41.2887521, -21.8982526], [-41.2868359, -21.8974484], [-41.2856407, -21.8969597]], [[-41.2912336, -21.8247533], [-41.2927862, -21.8266354]], [[-41.2813165, -21.7112073], [-41.2813908, -21.7108368]], [[-41.3253482, -21.7230877], [-41.32576, -21.7232079], [-41.3261448, -21.7233157], [-41.326602, -21.7234368], [-41.3271037, -21.7235895], [-41.3271379, -21.7235979], [-41.3271644, -21.7235995], [-41.3271888, -21.7235998], [-41.3272304, -21.7235867], [-41.3272455, -21.7235693]], [[-41.2924365, -21.7124968], [-41.2922915, -21.7124594], [-41.2921729, -21.7124595], [-41.2897874, -21.7128252], [-41.2893634, -21.7128871], [-41.2890679, -21.7129267], [-41.2887638, -21.7129594], [-41.2885119, -21.7129285], [-41.2883605, -21.7129099], [-41.2878683, -21.7128314], [-41.2872152, -21.712738]], [[-41.2252064, -21.8358467], [-41.2234011, -21.8346884], [-41.2231989, -21.8345978]], [[-41.2021674, -21.8842097], [-41.201738, -21.8831942], [-41.200834, -21.8811322]], [[-41.2804011, -21.7156672], [-41.2804346, -21.715504], [-41.2806891, -21.7143563], [-41.2807443, -21.714057], [-41.2809769, -21.712814], [-41.28103, -21.7125386], [-41.2812002, -21.7117695], [-41.2813165, -21.7112073]], [[-41.2816402, -21.7108778], [-41.2815437, -21.7109637], [-41.2814699, -21.7110385], [-41.2813165, -21.7112073]], [[-41.2228195, -21.8344416], [-41.2228189, -21.8344348], [-41.2228172, -21.8344299], [-41.2228154, -21.834426], [-41.2228127, -21.8344221], [-41.2228073, -21.8344161], [-41.2223336, -21.8340929], [-41.2213952, -21.833474], [-41.2209244, -21.8331523]], [[-41.2804011, -21.7156672], [-41.2803662, -21.7157532], [-41.2803373, -21.7158161], [-41.2803038, -21.7158952], [-41.2802562, -21.7160061], [-41.2801918, -21.7164073], [-41.2801369, -21.7167648], [-41.2800886, -21.7169966], [-41.2800758, -21.7170832], [-41.280053, -21.7171747], [-41.2800349, -21.717219], [-41.2800061, -21.7172464], [-41.2799484, -21.7172701]], [[-41.2813908, -21.7108368], [-41.2814324, -21.7106398], [-41.2814726, -21.7105189], [-41.2815356, -21.7103769], [-41.2816335, -21.7102373]], [[-41.2819909, -21.7107357], [-41.2818588, -21.7107706], [-41.2817529, -21.7108117], [-41.2816402, -21.7108778]], [[-41.1356074, -21.9391557], [-41.1351114, -21.9368999]], [[-41.0505065, -22.0368189], [-41.0508482, -22.0372422], [-41.0510883, -22.0375231], [-41.0513712, -22.037778], [-41.0516328, -22.0379396], [-41.0516757, -22.0380129]]]}
304	{"type": "MultiLineString", "coordinates": [[[-41.281545, -21.8306241], [-41.2825495, -21.830334]], [[-41.0511594, -22.0357131], [-41.0522074, -22.0368842]]]}
305	{"type": "MultiLineString", "coordinates": [[[-41.2997612, -21.7888418], [-41.2988332, -21.7898418], [-41.2985636, -21.7901033], [-41.2980795, -21.7905821], [-41.2978937, -21.7907664], [-41.2976631, -21.7909993]], [[-41.2822786, -21.8297688], [-41.2822286, -21.8297725], [-41.2821572, -21.8297859], [-41.2813573, -21.8300165], [-41.2810234, -21.830108]], [[-41.0518406, -22.0346092], [-41.0521719, -22.0349362], [-41.0528988, -22.0356995], [-41.0532112, -22.0359761], [-41.0534828, -22.0361874], [-41.0536799, -22.0363676], [-41.0538855, -22.0365402], [-41.0549338, -22.0374318]]]}
416	{"type": "MultiLineString", "coordinates": [[[-41.2737874, -21.8278647], [-41.2735397, -21.827839], [-41.272451, -21.8276823]], [[-41.2065142, -21.8670747], [-41.2070158, -21.8675676], [-41.2075092, -21.8681255], [-41.2099588, -21.8719377], [-41.2101513, -21.8722373], [-41.2104529, -21.8727283], [-41.210913, -21.8734773], [-41.2114128, -21.874291], [-41.2117539, -21.8748462], [-41.2130883, -21.8769591], [-41.2143651, -21.8790797], [-41.2145475, -21.8794021], [-41.2146105, -21.8795601], [-41.2146494, -21.8797045], [-41.2146547, -21.8798351], [-41.2146252, -21.8807411]], [[-41.3385183, -21.944985], [-41.3389, -21.9454314]], [[-41.4637657, -21.9466792], [-41.4637904, -21.9469378], [-41.4639004, -21.9476394], [-41.4640251, -21.9483994], [-41.4641766, -21.9493037], [-41.4642276, -21.9496818], [-41.4642182, -21.9499829], [-41.464186, -21.9502428], [-41.4641002, -21.9505277], [-41.4639741, -21.9507392], [-41.463777, -21.9510053], [-41.4634739, -21.9513499], [-41.4627846, -21.9521149], [-41.4624439, -21.9525042], [-41.4621153, -21.9528264], [-41.4617895, -21.9531125], [-41.4614663, -21.9533936], [-41.4606643, -21.9540354], [-41.4600004, -21.9545367], [-41.4595713, -21.9548626], [-41.4593567, -21.9550417], [-41.4592333, -21.9551884], [-41.459122, -21.9553999], [-41.4590724, -21.9555405], [-41.4590201, -21.955737], [-41.4589785, -21.9562208], [-41.4588994, -21.9571637]]]}
493	{"type": "MultiLineString", "coordinates": [[[-41.2581937, -21.8357593], [-41.2579831, -21.8353759], [-41.2569438, -21.8332409], [-41.2559225, -21.8311544]], [[-41.5976162, -21.729776], [-41.5977915, -21.7297141], [-41.598004, -21.7297073], [-41.5980839, -21.7297086], [-41.5982813, -21.7294336], [-41.5985017, -21.7291264], [-41.5987058, -21.728842], [-41.5987021, -21.728813]]]}
495	{"type": "MultiLineString", "coordinates": [[[-41.052273, -22.0378061], [-41.0529466, -22.0371174], [-41.0536799, -22.0363676]], [[-41.2569424, -21.8366208], [-41.2553767, -21.8349253], [-41.2545353, -21.8339983]], [[-41.2559289, -21.8371825], [-41.2559058, -21.837161], [-41.2548745, -21.8361228], [-41.2538673, -21.8350647]]]}
549	{"type": "MultiLineString", "coordinates": [[[-41.2757521, -21.7834322], [-41.2737304, -21.7809041]]]}
796	{"type": "MultiLineString", "coordinates": [[[-41.2700625, -21.8317818], [-41.269522, -21.8309751], [-41.2688515, -21.8300365], [-41.2687415, -21.8298522], [-41.2682684, -21.828914], [-41.2682543, -21.8288263]], [[-41.2920079, -21.797897], [-41.2918936, -21.797827], [-41.2916704, -21.7976807], [-41.2909864, -21.7970256], [-41.2905146, -21.7965711], [-41.2899863, -21.7960464], [-41.2889133, -21.7950192]]]}
973	{"type": "MultiLineString", "coordinates": [[[-41.3234317, -21.7740439], [-41.3227515, -21.7743149], [-41.3223803, -21.7743957], [-41.3217138, -21.7746012]], [[-41.1371268, -21.9432844], [-41.1366259, -21.9431618], [-41.1364764, -21.9431339], [-41.1345901, -21.9430258]]]}
1004	{"type": "MultiLineString", "coordinates": [[[-41.2997612, -21.7888418], [-41.2988332, -21.7898418], [-41.2985636, -21.7901033], [-41.2980795, -21.7905821], [-41.2978937, -21.7907664], [-41.2976631, -21.7909993]], [[-41.2822786, -21.8297688], [-41.2822286, -21.8297725], [-41.2821572, -21.8297859], [-41.2813573, -21.8300165], [-41.2810234, -21.830108]], [[-41.0518406, -22.0346092], [-41.0521719, -22.0349362], [-41.0528988, -22.0356995], [-41.0532112, -22.0359761], [-41.0534828, -22.0361874], [-41.0536799, -22.0363676], [-41.0538855, -22.0365402], [-41.0549338, -22.0374318]]]}
1012	{"type": "MultiLineString", "coordinates": [[[-41.3266623, -21.7440573], [-41.325739, -21.7430046], [-41.3239701, -21.7409445], [-41.3226405, -21.7393977]], [[-41.3276957, -21.7438769], [-41.3269903, -21.7444413]], [[-41.3282892, -21.7445088], [-41.3276957, -21.7438769], [-41.3274792, -21.7435845], [-41.3274336, -21.7435533], [-41.3273853, -21.7435434], [-41.3273414, -21.7435557]], [[-41.385332, -21.7842322], [-41.3848132, -21.7831714], [-41.3836433, -21.7804838], [-41.3833513, -21.7798285], [-41.3830756, -21.7792094], [-41.3829199, -21.7788598], [-41.3827721, -21.7785338], [-41.38248, -21.7778893], [-41.3821765, -21.7772275]], [[-41.2852786, -21.8961285], [-41.287118, -21.8969332], [-41.2881888, -21.8973977], [-41.2892121, -21.8978432]], [[-41.2809769, -21.712814], [-41.280533, -21.7127868], [-41.2800845, -21.7127556], [-41.2796519, -21.7127363], [-41.2791942, -21.71272], [-41.2787576, -21.7126976], [-41.2783599, -21.7126907]], [[-41.2981432, -21.786939], [-41.2974646, -21.7865007], [-41.2973211, -21.7864035]], [[-41.1867886, -21.770817], [-41.1868429, -21.7705803], [-41.1868422, -21.7705598], [-41.1868342, -21.7705361], [-41.1868188, -21.7705218], [-41.1867933, -21.7705081], [-41.1864962, -21.7704514], [-41.1862481, -21.770406]], [[-41.3275376, -21.7450758], [-41.3269903, -21.7444413], [-41.3266623, -21.7440573]]]}
1047	{"type": "MultiLineString", "coordinates": [[[-41.3225908, -21.7685039], [-41.3216561, -21.768719], [-41.321601, -21.7687331], [-41.3215951, -21.7687346], [-41.3207535, -21.7689369], [-41.3206892, -21.7689569], [-41.3206094, -21.7689818], [-41.3205099, -21.7690343]], [[-41.3117826, -21.7223913], [-41.3118493, -21.7230436], [-41.3119314, -21.7233278], [-41.3119975, -21.7235003], [-41.3121029, -21.7238139]], [[-41.3379729, -21.9452566], [-41.3377464, -21.9450364], [-41.3372721, -21.9446392], [-41.3365176, -21.9440073], [-41.3361506, -21.9437123]], [[-41.3181925, -21.6063173], [-41.3177615, -21.6037784], [-41.3176497, -21.6032278]], [[-41.3140457, -21.6016687], [-41.3140629, -21.6016672], [-41.3140736, -21.6016728], [-41.3140801, -21.6016804], [-41.3142204, -21.6020325], [-41.3144315, -21.6025876], [-41.3146127, -21.6030697]], [[-41.3116237, -21.7210916], [-41.3117091, -21.7217522], [-41.3117826, -21.7223913]], [[-41.3205099, -21.7690343], [-41.3204538, -21.7690384], [-41.3203707, -21.7690503], [-41.3202821, -21.7690602]], [[-41.3203541, -21.7688901], [-41.3203613, -21.7689668], [-41.3203385, -21.769016], [-41.3202821, -21.7690602]], [[-41.3202821, -21.7690602], [-41.3197155, -21.7692197], [-41.3185783, -21.769485]]]}
1087	{"type": "MultiLineString", "coordinates": [[[-41.2845344, -21.9025113], [-41.2850761, -21.9044219], [-41.2852947, -21.9051983], [-41.2855412, -21.9060768], [-41.2855522, -21.9060967], [-41.2855656, -21.9061076], [-41.2855894, -21.9061119], [-41.2856179, -21.9061094], [-41.2860294, -21.9059369]], [[-41.3249773, -21.7232531], [-41.3251269, -21.7227944]]]}
1090	{"type": "MultiLineString", "coordinates": [[[-41.2887521, -21.8982526], [-41.2868359, -21.8974484], [-41.2856407, -21.8969597]], [[-41.2912336, -21.8247533], [-41.2927862, -21.8266354]], [[-41.2813165, -21.7112073], [-41.2813908, -21.7108368]], [[-41.3253482, -21.7230877], [-41.32576, -21.7232079], [-41.3261448, -21.7233157], [-41.326602, -21.7234368], [-41.3271037, -21.7235895], [-41.3271379, -21.7235979], [-41.3271644, -21.7235995], [-41.3271888, -21.7235998], [-41.3272304, -21.7235867], [-41.3272455, -21.7235693]], [[-41.2924365, -21.7124968], [-41.2922915, -21.7124594], [-41.2921729, -21.7124595], [-41.2897874, -21.7128252], [-41.2893634, -21.7128871], [-41.2890679, -21.7129267], [-41.2887638, -21.7129594], [-41.2885119, -21.7129285], [-41.2883605, -21.7129099], [-41.2878683, -21.7128314], [-41.2872152, -21.712738]], [[-41.2252064, -21.8358467], [-41.2234011, -21.8346884], [-41.2231989, -21.8345978]], [[-41.2021674, -21.8842097], [-41.201738, -21.8831942], [-41.200834, -21.8811322]], [[-41.2804011, -21.7156672], [-41.2804346, -21.715504], [-41.2806891, -21.7143563], [-41.2807443, -21.714057], [-41.2809769, -21.712814], [-41.28103, -21.7125386], [-41.2812002, -21.7117695], [-41.2813165, -21.7112073]], [[-41.2816402, -21.7108778], [-41.2815437, -21.7109637], [-41.2814699, -21.7110385], [-41.2813165, -21.7112073]], [[-41.2228195, -21.8344416], [-41.2228189, -21.8344348], [-41.2228172, -21.8344299], [-41.2228154, -21.834426], [-41.2228127, -21.8344221], [-41.2228073, -21.8344161], [-41.2223336, -21.8340929], [-41.2213952, -21.833474], [-41.2209244, -21.8331523]], [[-41.2804011, -21.7156672], [-41.2803662, -21.7157532], [-41.2803373, -21.7158161], [-41.2803038, -21.7158952], [-41.2802562, -21.7160061], [-41.2801918, -21.7164073], [-41.2801369, -21.7167648], [-41.2800886, -21.7169966], [-41.2800758, -21.7170832], [-41.280053, -21.7171747], [-41.2800349, -21.717219], [-41.2800061, -21.7172464], [-41.2799484, -21.7172701]], [[-41.2813908, -21.7108368], [-41.2814324, -21.7106398], [-41.2814726, -21.7105189], [-41.2815356, -21.7103769], [-41.2816335, -21.7102373]], [[-41.2819909, -21.7107357], [-41.2818588, -21.7107706], [-41.2817529, -21.7108117], [-41.2816402, -21.7108778]], [[-41.1356074, -21.9391557], [-41.1351114, -21.9368999]], [[-41.0505065, -22.0368189], [-41.0508482, -22.0372422], [-41.0510883, -22.0375231], [-41.0513712, -22.037778], [-41.0516328, -22.0379396], [-41.0516757, -22.0380129]]]}
1095	{"type": "MultiLineString", "coordinates": [[[-41.2758628, -21.9079979], [-41.2748589, -21.9074231], [-41.273198, -21.9065135]]]}
1112	{"type": "MultiLineString", "coordinates": [[[-41.2758628, -21.9079979], [-41.2748589, -21.9074231], [-41.273198, -21.9065135]]]}
1117	{"type": "MultiLineString", "coordinates": [[[-41.3266623, -21.7440573], [-41.325739, -21.7430046], [-41.3239701, -21.7409445], [-41.3226405, -21.7393977]], [[-41.3276957, -21.7438769], [-41.3269903, -21.7444413]], [[-41.3282892, -21.7445088], [-41.3276957, -21.7438769], [-41.3274792, -21.7435845], [-41.3274336, -21.7435533], [-41.3273853, -21.7435434], [-41.3273414, -21.7435557]], [[-41.385332, -21.7842322], [-41.3848132, -21.7831714], [-41.3836433, -21.7804838], [-41.3833513, -21.7798285], [-41.3830756, -21.7792094], [-41.3829199, -21.7788598], [-41.3827721, -21.7785338], [-41.38248, -21.7778893], [-41.3821765, -21.7772275]], [[-41.2852786, -21.8961285], [-41.287118, -21.8969332], [-41.2881888, -21.8973977], [-41.2892121, -21.8978432]], [[-41.2809769, -21.712814], [-41.280533, -21.7127868], [-41.2800845, -21.7127556], [-41.2796519, -21.7127363], [-41.2791942, -21.71272], [-41.2787576, -21.7126976], [-41.2783599, -21.7126907]], [[-41.2981432, -21.786939], [-41.2974646, -21.7865007], [-41.2973211, -21.7864035]], [[-41.1867886, -21.770817], [-41.1868429, -21.7705803], [-41.1868422, -21.7705598], [-41.1868342, -21.7705361], [-41.1868188, -21.7705218], [-41.1867933, -21.7705081], [-41.1864962, -21.7704514], [-41.1862481, -21.770406]], [[-41.3275376, -21.7450758], [-41.3269903, -21.7444413], [-41.3266623, -21.7440573]]]}
1134	{"type": "MultiLineString", "coordinates": [[[-41.3234317, -21.7740439], [-41.3227515, -21.7743149], [-41.3223803, -21.7743957], [-41.3217138, -21.7746012]], [[-41.1371268, -21.9432844], [-41.1366259, -21.9431618], [-41.1364764, -21.9431339], [-41.1345901, -21.9430258]]]}
1157	{"type": "MultiLineString", "coordinates": [[[-41.2757521, -21.7834322], [-41.2737304, -21.7809041]]]}
1167	{"type": "MultiLineString", "coordinates": [[[-41.3176641, -21.7672378], [-41.3169926, -21.7677031]]]}
1184	{"type": "MultiLineString", "coordinates": [[[-41.2919304, -21.4411258], [-41.291865, -21.4408264], [-41.2918777, -21.4403212], [-41.2918974, -21.440243], [-41.2920289, -21.4397412], [-41.2920413, -21.4393613], [-41.2920776, -21.4390358], [-41.2920737, -21.4384608], [-41.2921913, -21.4378894], [-41.2923119, -21.437363], [-41.2924064, -21.4371507], [-41.2926, -21.4368856], [-41.2927787, -21.4367089], [-41.2929215, -21.4365677], [-41.2930685, -21.4363942], [-41.2931734, -21.436142], [-41.2933196, -21.4357269], [-41.2935094, -21.4352076], [-41.2937883, -21.4345508], [-41.2940443, -21.4338586], [-41.2943004, -21.4331873], [-41.2944571, -21.4328645], [-41.2946489, -21.4326144], [-41.294859, -21.4323695], [-41.2950169, -21.4320912], [-41.2951434, -21.431713], [-41.295316, -21.4313319], [-41.2954788, -21.4309097], [-41.2955584, -21.4304673], [-41.2956544, -21.4296621], [-41.2957564, -21.4293922]], [[-41.1347517, -21.9502677], [-41.1342522, -21.9499499], [-41.1340745, -21.9497907], [-41.1339258, -21.949671], [-41.1336232, -21.9494673], [-41.1326948, -21.9488764]], [[-41.2752445, -21.7859091], [-41.2742454, -21.7865766]], [[-41.3137423, -21.6992337], [-41.3141419, -21.6990144], [-41.3144584, -21.698805], [-41.3145295, -21.698739], [-41.3145885, -21.698668], [-41.3147682, -21.6984524], [-41.3148406, -21.6983627], [-41.3149828, -21.6982256], [-41.3156031, -21.6976969], [-41.3156882, -21.6975801], [-41.3157526, -21.6974456], [-41.3157978, -21.6972585], [-41.3157713, -21.697154], [-41.3155943, -21.6967129], [-41.3155165, -21.6965359], [-41.3154414, -21.6964163], [-41.3153341, -21.6962967], [-41.3147387, -21.6957235], [-41.314382, -21.6953422], [-41.3142693, -21.6952001], [-41.3141674, -21.6950431], [-41.3140818, -21.6948691], [-41.3140065, -21.6946394], [-41.3138428, -21.6940911], [-41.3137892, -21.6939714], [-41.313706, -21.6938319], [-41.3136095, -21.6937297], [-41.3134888, -21.69364], [-41.3131892, -21.6934623], [-41.3128128, -21.6932462], [-41.3125094, -21.6930703], [-41.3122992, -21.6929048], [-41.3122281, -21.6928437], [-41.3121584, -21.6927502], [-41.3118339, -21.6922244], [-41.311748, -21.6920773], [-41.3116917, -21.6919378], [-41.3116434, -21.6917683], [-41.3113913, -21.6907166], [-41.3113645, -21.690567], [-41.3113511, -21.6903901], [-41.3113618, -21.6902106], [-41.3114181, -21.6896997], [-41.3114369, -21.6895601], [-41.3114798, -21.6894106], [-41.3115528, -21.689205], [-41.3116837, -21.6888997], [-41.3117105, -21.6887676], [-41.3117496, -21.68828]], [[-41.312618, -21.700593], [-41.3126615, -21.700492], [-41.3129384, -21.6999215], [-41.3130216, -21.6997939], [-41.3131235, -21.6996774], [-41.3132301, -21.6995745], [-41.3133335, -21.6994927], [-41.3133486, -21.6994808], [-41.3137423, -21.6992337]], [[-41.309707, -21.7066816], [-41.3097724, -21.7065577], [-41.3098744, -21.7063863], [-41.3100942, -21.7060183], [-41.3103256, -21.7056682], [-41.3104209, -21.7055036], [-41.3105587, -21.7051852], [-41.3106537, -21.7049892], [-41.3109991, -21.7045651], [-41.311217, -21.7043687], [-41.3113067, -21.7042956], [-41.3115013, -21.7041369], [-41.3118312, -21.7038628], [-41.3119707, -21.7037108], [-41.3121074, -21.7035338], [-41.3122255, -21.7033295], [-41.3123006, -21.7031475], [-41.3123301, -21.7029955], [-41.3123274, -21.7028435], [-41.3122952, -21.702547], [-41.3122496, -21.702233], [-41.3122228, -21.7019239], [-41.3122523, -21.7016398], [-41.3122724, -21.7015501], [-41.3123274, -21.7013694], [-41.3124387, -21.701048], [-41.3125162, -21.700843], [-41.312618, -21.700593]], [[-41.3117594, -21.6874304], [-41.3117346, -21.6871475], [-41.3117252, -21.6871251], [-41.3116984, -21.6871089], [-41.3108441, -21.6871351]], [[-41.3117496, -21.68828], [-41.3117552, -21.6880817], [-41.3117528, -21.6878996], [-41.3117547, -21.6876473], [-41.3117641, -21.6876295], [-41.3117809, -21.687618], [-41.3118104, -21.6876123]], [[-41.3095931, -21.7066655], [-41.309707, -21.7066816]], [[-41.309707, -21.7066816], [-41.3095516, -21.7069761]]]}
1226	{"type": "MultiLineString", "coordinates": [[[-41.281545, -21.8306241], [-41.2825495, -21.830334]], [[-41.0511594, -22.0357131], [-41.0522074, -22.0368842]]]}
1348	{"type": "MultiLineString", "coordinates": [[[-41.0521763, -22.0377077], [-41.0525361, -22.0371435], [-41.0526627, -22.036901], [-41.0532112, -22.0359761]]]}
1396	{"type": "MultiLineString", "coordinates": [[[-41.3145446, -21.7209646], [-41.3141204, -21.7215653], [-41.3137423, -21.7220948]]]}
1424	{"type": "LineString", "coordinates": [[-41.0634228, -22.0471128], [-41.062656, -22.0482568], [-41.06218, -22.0489397]]}
1459	{"type": "Point", "coordinates": [-41.3276289, -21.744473]}
1474	{"type": "MultiLineString", "coordinates": [[[-41.3169687, -21.747694], [-41.3172434, -21.7495983], [-41.3172672, -21.7497137], [-41.3175973, -21.7521097]], [[-41.3296585, -21.7165755], [-41.3293726, -21.7169034], [-41.328882, -21.7174389], [-41.3286741, -21.7176744], [-41.3283496, -21.7180083], [-41.3279392, -21.7184143], [-41.3276177, -21.7187688]]]}
1501	{"type": "MultiLineString", "coordinates": [[[-41.3266623, -21.7440573], [-41.325739, -21.7430046], [-41.3239701, -21.7409445], [-41.3226405, -21.7393977]], [[-41.3276957, -21.7438769], [-41.3269903, -21.7444413]], [[-41.3282892, -21.7445088], [-41.3276957, -21.7438769], [-41.3274792, -21.7435845], [-41.3274336, -21.7435533], [-41.3273853, -21.7435434], [-41.3273414, -21.7435557]], [[-41.385332, -21.7842322], [-41.3848132, -21.7831714], [-41.3836433, -21.7804838], [-41.3833513, -21.7798285], [-41.3830756, -21.7792094], [-41.3829199, -21.7788598], [-41.3827721, -21.7785338], [-41.38248, -21.7778893], [-41.3821765, -21.7772275]], [[-41.2852786, -21.8961285], [-41.287118, -21.8969332], [-41.2881888, -21.8973977], [-41.2892121, -21.8978432]], [[-41.2809769, -21.712814], [-41.280533, -21.7127868], [-41.2800845, -21.7127556], [-41.2796519, -21.7127363], [-41.2791942, -21.71272], [-41.2787576, -21.7126976], [-41.2783599, -21.7126907]], [[-41.2981432, -21.786939], [-41.2974646, -21.7865007], [-41.2973211, -21.7864035]], [[-41.1867886, -21.770817], [-41.1868429, -21.7705803], [-41.1868422, -21.7705598], [-41.1868342, -21.7705361], [-41.1868188, -21.7705218], [-41.1867933, -21.7705081], [-41.1864962, -21.7704514], [-41.1862481, -21.770406]], [[-41.3275376, -21.7450758], [-41.3269903, -21.7444413], [-41.3266623, -21.7440573]]]}
1714	{"type": "MultiLineString", "coordinates": [[[-41.3350578, -21.7262033], [-41.3354293, -21.7267113]], [[-41.3488473, -21.7236823], [-41.348609, -21.7236073], [-41.3460005, -21.7227231], [-41.344065, -21.7220219], [-41.3439915, -21.7219945], [-41.3436475, -21.7218942], [-41.3434135, -21.7218437], [-41.3431373, -21.7217927], [-41.342226, -21.7216263], [-41.3418297, -21.7215703], [-41.3415112, -21.7215279], [-41.3412885, -21.7215223], [-41.3411122, -21.7215522], [-41.3409385, -21.7216064], [-41.3407213, -21.7217054], [-41.34005, -21.7221153], [-41.338788, -21.7229563], [-41.3384729, -21.7231656], [-41.3380779, -21.7234229], [-41.3377929, -21.7236213], [-41.3377152, -21.723687], [-41.3376196, -21.723811], [-41.3373873, -21.7242202], [-41.3370738, -21.7247202], [-41.3368917, -21.724959], [-41.3365719, -21.7253259], [-41.3364029, -21.7254847], [-41.3362855, -21.7255664], [-41.3357015, -21.7258884], [-41.3351885, -21.7261451], [-41.3350578, -21.7262033], [-41.3349807, -21.7262304], [-41.3348795, -21.726257], [-41.3347198, -21.7262858], [-41.3344583, -21.7262964], [-41.3340318, -21.7262671], [-41.3333928, -21.7261637], [-41.3332848, -21.7261376], [-41.3331568, -21.7260734], [-41.3330987, -21.7259977], [-41.3330639, -21.7259302], [-41.3323662, -21.7247179], [-41.332329, -21.7246528]]]}
1791	{"type": "MultiLineString", "coordinates": [[[-41.2845344, -21.9025113], [-41.2850761, -21.9044219], [-41.2852947, -21.9051983], [-41.2855412, -21.9060768], [-41.2855522, -21.9060967], [-41.2855656, -21.9061076], [-41.2855894, -21.9061119], [-41.2856179, -21.9061094], [-41.2860294, -21.9059369]], [[-41.3249773, -21.7232531], [-41.3251269, -21.7227944]]]}
1803	{"type": "MultiLineString", "coordinates": [[[-41.2887521, -21.8982526], [-41.2868359, -21.8974484], [-41.2856407, -21.8969597]], [[-41.2912336, -21.8247533], [-41.2927862, -21.8266354]], [[-41.2813165, -21.7112073], [-41.2813908, -21.7108368]], [[-41.3253482, -21.7230877], [-41.32576, -21.7232079], [-41.3261448, -21.7233157], [-41.326602, -21.7234368], [-41.3271037, -21.7235895], [-41.3271379, -21.7235979], [-41.3271644, -21.7235995], [-41.3271888, -21.7235998], [-41.3272304, -21.7235867], [-41.3272455, -21.7235693]], [[-41.2924365, -21.7124968], [-41.2922915, -21.7124594], [-41.2921729, -21.7124595], [-41.2897874, -21.7128252], [-41.2893634, -21.7128871], [-41.2890679, -21.7129267], [-41.2887638, -21.7129594], [-41.2885119, -21.7129285], [-41.2883605, -21.7129099], [-41.2878683, -21.7128314], [-41.2872152, -21.712738]], [[-41.2252064, -21.8358467], [-41.2234011, -21.8346884], [-41.2231989, -21.8345978]], [[-41.2021674, -21.8842097], [-41.201738, -21.8831942], [-41.200834, -21.8811322]], [[-41.2804011, -21.7156672], [-41.2804346, -21.715504], [-41.2806891, -21.7143563], [-41.2807443, -21.714057], [-41.2809769, -21.712814], [-41.28103, -21.7125386], [-41.2812002, -21.7117695], [-41.2813165, -21.7112073]], [[-41.2816402, -21.7108778], [-41.2815437, -21.7109637], [-41.2814699, -21.7110385], [-41.2813165, -21.7112073]], [[-41.2228195, -21.8344416], [-41.2228189, -21.8344348], [-41.2228172, -21.8344299], [-41.2228154, -21.834426], [-41.2228127, -21.8344221], [-41.2228073, -21.8344161], [-41.2223336, -21.8340929], [-41.2213952, -21.833474], [-41.2209244, -21.8331523]], [[-41.2804011, -21.7156672], [-41.2803662, -21.7157532], [-41.2803373, -21.7158161], [-41.2803038, -21.7158952], [-41.2802562, -21.7160061], [-41.2801918, -21.7164073], [-41.2801369, -21.7167648], [-41.2800886, -21.7169966], [-41.2800758, -21.7170832], [-41.280053, -21.7171747], [-41.2800349, -21.717219], [-41.2800061, -21.7172464], [-41.2799484, -21.7172701]], [[-41.2813908, -21.7108368], [-41.2814324, -21.7106398], [-41.2814726, -21.7105189], [-41.2815356, -21.7103769], [-41.2816335, -21.7102373]], [[-41.2819909, -21.7107357], [-41.2818588, -21.7107706], [-41.2817529, -21.7108117], [-41.2816402, -21.7108778]], [[-41.1356074, -21.9391557], [-41.1351114, -21.9368999]], [[-41.0505065, -22.0368189], [-41.0508482, -22.0372422], [-41.0510883, -22.0375231], [-41.0513712, -22.037778], [-41.0516328, -22.0379396], [-41.0516757, -22.0380129]]]}
2061	{"type": "MultiLineString", "coordinates": [[[-41.2892389, -21.8940728], [-41.2880792, -21.8950575]], [[-41.2863851, -21.7958925], [-41.2865098, -21.796408], [-41.2865447, -21.7965749], [-41.2865576, -21.7967168], [-41.2865511, -21.7967941], [-41.28653, -21.7973999], [-41.286526, -21.7974992], [-41.2865741, -21.7977644], [-41.2865959, -21.7978849], [-41.2866118, -21.7980018], [-41.2866945, -21.7985154], [-41.2867165, -21.7987032], [-41.2868291, -21.7993693], [-41.2868284, -21.7994157], [-41.2868263, -21.7995584], [-41.2867834, -21.7996767], [-41.2867016, -21.799815], [-41.2865205, -21.8000403], [-41.2863408, -21.8002645], [-41.286112, -21.8006428], [-41.286082, -21.8007912], [-41.2860753, -21.8010751], [-41.2860686, -21.801298], [-41.2860753, -21.8015246], [-41.2861007, -21.8016939], [-41.2861705, -21.8018222], [-41.2861909, -21.8018455], [-41.2862261, -21.801872], [-41.2862724, -21.8018826], [-41.2863033, -21.8018745], [-41.2863334, -21.8018608], [-41.286381, -21.8018166], [-41.2867767, -21.8013067]], [[-41.2883628, -21.7982831], [-41.2866118, -21.7980018]], [[-41.3475797, -21.3765183], [-41.3475059, -21.3764041], [-41.3474268, -21.3763154], [-41.3473316, -21.3762342], [-41.3471217, -21.3760831], [-41.3468152, -21.3761293], [-41.3467639, -21.3761312], [-41.3467284, -21.3761281], [-41.3466684, -21.3761062], [-41.3465819, -21.3760556], [-41.3465282, -21.37604], [-41.3464605, -21.3760363], [-41.3460417, -21.376016], [-41.3457504, -21.375799], [-41.345621, -21.3757172], [-41.345446, -21.3756335], [-41.3454363, -21.3756322], [-41.3453595, -21.3756223], [-41.3452441, -21.3756254], [-41.3448961, -21.3756729], [-41.344697, -21.3757072], [-41.3445287, -21.3757465], [-41.3445045, -21.3757522]]]}
2072	{"type": "MultiLineString", "coordinates": [[[-41.3096988, -21.7005022], [-41.3095848, -21.7005134], [-41.3092254, -21.700562], [-41.3090725, -21.7005794], [-41.3089786, -21.7005932], [-41.3088727, -21.7006218], [-41.3087507, -21.7006505]], [[-41.314346, -21.7060692], [-41.3134995, -21.7059586], [-41.3104209, -21.7055036]], [[-41.3012613, -21.7168331], [-41.3013543, -21.7174566], [-41.3013962, -21.7177963], [-41.301447, -21.7181418], [-41.3015191, -21.7187567]], [[-41.289896, -21.7154372], [-41.2897606, -21.7141141], [-41.289633, -21.713005]], [[-41.3127914, -21.6559125], [-41.3132139, -21.656082], [-41.3134365, -21.6561718], [-41.313816, -21.6562952], [-41.3147503, -21.6565714], [-41.3147951, -21.6565888]], [[-41.2950945, -21.7210665], [-41.2972336, -21.7208261], [-41.2976725, -21.7207809], [-41.2996301, -21.7205571], [-41.3006431, -21.7204376], [-41.3015215, -21.7203351], [-41.3025727, -21.7202153], [-41.3034687, -21.7201202], [-41.3035852, -21.7201104], [-41.3044813, -21.7200135], [-41.3045517, -21.7200198]], [[-41.3138302, -21.6021738], [-41.3142204, -21.6020325], [-41.3160572, -21.6012552], [-41.3166888, -21.6009975]], [[-41.3120337, -21.6389387], [-41.3113551, -21.6389349]], [[-41.4116759, -21.611752], [-41.4137868, -21.6135011], [-41.4144807, -21.614082], [-41.4152983, -21.6147367], [-41.4153249, -21.6147852], [-41.4153289, -21.6148376], [-41.4153048, -21.6149061], [-41.4152753, -21.6149735], [-41.4152364, -21.6150583], [-41.4152503, -21.6154288]], [[-41.415458, -21.6162039], [-41.4151384, -21.6159397], [-41.4149512, -21.6157891], [-41.4143859, -21.6153065], [-41.413718, -21.6147628], [-41.4131029, -21.6142622], [-41.4114736, -21.6129361]], [[-41.405329, -21.7190997], [-41.4052908, -21.7190965], [-41.4049513, -21.7192267], [-41.404564, -21.7193616], [-41.4042738, -21.719482], [-41.4042333, -21.719517]], [[-41.3159645, -21.6573547], [-41.3153194, -21.6567688], [-41.3152188, -21.656699], [-41.3148574, -21.6565224], [-41.314789, -21.656484]], [[-41.2782151, -21.801481], [-41.2782311, -21.8013889], [-41.2781872, -21.8003048], [-41.2781823, -21.8001839], [-41.2781426, -21.7992048], [-41.2781577, -21.7991283]], [[-41.2860688, -21.8299369], [-41.2864516, -21.830578], [-41.2870024, -21.8315007]], [[-41.3166888, -21.6009975], [-41.3169395, -21.6008696]]]}
