nome_base_normalizado;nomes_cadastrados;quantidade_cadastros;quantidade_contextos;status;ids;bairros;ceps;distritos
A;RUA A;4;4;ambiguidade_por_contexto;543,1621,1716,1725;Codim,Parque Guarus,Parque Novo Jockey,Parque Prazeres;28020849,28070050,28085735,28090530;608,619,620
ADAO PEREIRA NUNES;RUA ADÃO PEREIRA NUNES - ATÉ 1169 - LADO ÍMPAR | RUA ADÃO PEREIRA NUNES - ATÉ 490 - LADO PAR;2;2;ambiguidade_por_contexto;241,242;Parque Maciel;28013472,28013473;605
ALBERTO LAMEGO;AVENIDA ALBERTO LAMEGO - ATÉ 755 - LADO ÍMPAR | AVENIDA ALBERTO LAMEGO - ATÉ 852 - LADO PAR | AVENIDA ALBERTO LAMEGO - DE 757 A 939 - LADO ÍMPAR | AVENIDA ALBERTO LAMEGO - DE 854 A 958 - LADO PAR | AVENIDA ALBERTO LAMEGO - DE 941 AO FIM - LADO ÍMPAR | AVENIDA ALBERTO LAMEGO - DE 960 AO FIM - LADO PAR;6;6;ambiguidade_por_contexto;320,321,345,346,354,355;Parque Califórnia;28013601,28013602,28015621,28015622,28016811,28016812;606
ALBERTO TORRES;AVENIDA ALBERTO TORRES - ATÉ 79 - LADO ÍMPAR | AVENIDA ALBERTO TORRES - ATÉ 80 - LADO PAR;2;2;ambiguidade_por_contexto;13,14;Centro;28010116,28010117;601
ALECRIM;RUA ALECRIM;2;2;ambiguidade_por_contexto;305,1004;Goytacazes,Parque Tarcisio Miranda;28022020,28023588;605,613
ALMIRANTE ARY PARREIRAS;RUA ALMIRANTE ARY PARREIRAS | TRAVESSA ALMIRANTE ARY PARREIRAS;2;2;ambiguidade_por_contexto;1858,1932;Parque São Mateus;28073170,28073235;621
ANGRA DOS REIS;RUA ANGRA DOS REIS;2;2;ambiguidade_por_contexto;1860,2207;KILOMETRO 14,Parque Guarus;28073050,28145090;621,624
ANTONIO DA SILVA NETO;RUA ANTÔNIO DA SILVA NETO;2;2;ambiguidade_por_contexto;557,669;Goytacazes,Parque Imperial;28022260,28023806;608,609
ANTONIO MANOEL;RUA ANTÔNIO MANOEL - ATÉ 341 - LADO ÍMPAR | RUA ANTÔNIO MANOEL - ATÉ 348 - LADO PAR | RUA ANTÔNIO MANOEL - DE 367 AO FIM - LADO ÍMPAR | RUA ANTÔNIO MANOEL - DE 370 AO FIM - LADO PAR;4;4;ambiguidade_por_contexto;155,156,1060,1061;Parque João Maria,Parque Turf Club;28024101,28024102,28027321,28027322;603,613
AUGUSTO DOS ANJOS;RUA AUGUSTO DOS ANJOS;2;2;ambiguidade_por_contexto;526,1877;Jardins de Campos,Parque Novo Jockey;28020831,28085769;608,621
B;RUA B;4;4;ambiguidade_por_contexto;1631,1726,1728,1977;Codim,Parque Ceasa,Parque Céu Azul,Parque Prazeres;28083770,28085740,28090040,28090540;619,620,622
BARTOLOMEU LIZANDRO;RUA BARTOLOMEU LIZANDRO | TRAVESSA BARTOLOMEU LIZANDRO;2;2;ambiguidade_por_contexto;1538,1934;Parque São Mateus;28060216,28073165;618,621
BEIRA LAGO;AVENIDA BEIRA LAGO - ATÉ 557 - LADO ÍMPAR | AVENIDA BEIRA LAGO - ATÉ 698 - LADO PAR | AVENIDA BEIRA LAGO - DE 1182 AO FIM - LADO PAR | AVENIDA BEIRA LAGO - DE 559 A 951 - LADO ÍMPAR | AVENIDA BEIRA LAGO - DE 700 A 1180 - LADO PAR | AVENIDA BEIRA LAGO - DE 953 AO FIM - LADO ÍMPAR;6;6;ambiguidade_por_contexto;1826,1828,1830,1832,1834,1836;Parque Guarus;28070021,28070022,28070516,28070517,28070530,28070531;621
BEIRA VALAO;RUA BEIRA VALÃO;2;2;ambiguidade_por_contexto;552,859;Parque Novo Jockey,Parque Penha;28020864,28022240;608,611
BELA VISTA RUA;BELA VISTA, RUA;2;2;ambiguidade_por_contexto;1084,1389;FAROL DE SÃO TOMÉ,Tócos;28140002,28148000;614,616
BORGES;TRAVESSA BORGES;2;2;ambiguidade_por_contexto;1936,1938;Parque Guarus,Parque São Mateus;28070660,28073155;621
C;RUA C;2;2;ambiguidade_por_contexto;822,1533;Custodópolis,Vivendas do Coqueiro II;28021370,28085105;611,618
CALDAS VIANA;RUA CALDAS VIANA - ATÉ 158/159 | RUA CALDAS VIANA - DE 160/161 AO FIM;2;2;ambiguidade_por_contexto;237,250;Parque Califórnia;28013305,28015300;605
CALIFORNIA;RUA CALIFÓRNIA;2;2;ambiguidade_por_contexto;544,1537;Parque Novo Jockey,Parque Santa Rosa;28020850,28085390;608,618
CAMBUCI;RUA CAMBUCI;2;2;ambiguidade_por_contexto;538,1866;Parque Guarus,Parque Novo Jockey;28020843,28073070;608,621
CAMPISTA;AVENIDA CAMPISTA - ATÉ 235 - LADO ÍMPAR | AVENIDA CAMPISTA - ATÉ 238 - LADO PAR | AVENIDA CAMPISTA - DE 237 AO FIM - LADO ÍMPAR | AVENIDA CAMPISTA - DE 240 AO FIM - LADO PAR;4;4;ambiguidade_por_contexto;1715,1717,1719,1721;Parque Guarus;28070010,28070011,28070598,28070599;620
CAMPOS VITORIA;RODOVIA CAMPOS-VITÓRIA - LADO PAR | RODOVIA CAMPOS-VITÓRIA - LADO ÍMPAR;4;4;ambiguidade_por_contexto;1972,1974,1976,1978;Parque Boa Vista,Parque Santos Dumont;28073475,28073476,28073705,28073706;622
CARDOSO MOREIRA;RUA CARDOSO MOREIRA | RUA CARDOSO MOREIRA - DE 326 AO 506 - LADO PAR | RUA CARDOSO MOREIRA - DE 357 AO FIM - LADO ÍMPAR;3;3;ambiguidade_por_contexto;161,162,1733;Parque Turf Club,Parque Visconde de Ururaí;28024491,28024492,28070410;603,620
CARLOS ALBERTO CHEBABE;AVENIDA CARLOS ALBERTO CHEBABE - ATÉ 468 - LADO PAR | AVENIDA CARLOS ALBERTO CHEBABE - ATÉ 477 - LADO ÍMPAR | AVENIDA CARLOS ALBERTO CHEBABE - DE 470 A 700 - LADO PAR | AVENIDA CARLOS ALBERTO CHEBABE - DE 479 A 715 - LADO ÍMPAR | AVENIDA CARLOS ALBERTO CHEBABE - DE 702 AO FIM - LADO PAR | AVENIDA CARLOS ALBERTO CHEBABE - DE 717 AO FIM - LADO ÍMPAR;6;6;ambiguidade_por_contexto;1948,1950,1952,1954,1956,1958;Parque Guarus,Parque Vera Cruz;28060001,28060002,28070271,28070272,28073506,28073507;622
CARLOS LACERDA;RUA CARLOS LACERDA - ATÉ 137 - LADO ÍMPAR | RUA CARLOS LACERDA - ATÉ 146 - LADO PAR | RUA CARLOS LACERDA - DE 419 AO FIM - LADO ÍMPAR | RUA CARLOS LACERDA - DE 420 AO FIM - LADO PAR;6;6;ambiguidade_por_contexto;60,61,110,111,481,482;Centro,Parque Rosário;28010241,28010242,28027181,28027182;602,603,607
CASIMIRO DE ABREU;RUA CASIMIRO DE ABREU;2;2;ambiguidade_por_contexto;1474,1872;Parque Guarus,Parque Vicente Gonçalves Dias;28070550,28080240;617,621
CINCO;RUA CINCO;4;4;ambiguidade_por_contexto;876,1730,1889,1990;Alphaville,Parque Bandeirantes,Parque Boa Vista,Vila Industrial;28024706,28073720,28085165,28090030;611,620,621,622
CLERIO PINHEIRO;RUA CLÉRIO PINHEIRO;2;2;ambiguidade_por_contexto;262,264;Donana,Goytacazes;28023393,28023451;605
CRISTOVAN LYSANDRO DE ALBERNAZ;AVENIDA CRISTOVAN LYSANDRO DE ALBERNAZ - ATÉ 218 - LADO PAR | AVENIDA CRISTOVAN LYSANDRO DE ALBERNAZ - ATÉ 245 - LADO ÍMPAR | AVENIDA CRISTOVAN LYSANDRO DE ALBERNAZ - DE 220 AO FIM - LADO PAR | AVENIDA CRISTOVAN LYSANDRO DE ALBERNAZ - DE 247 AO FIM - LADO ÍMPAR;4;4;ambiguidade_por_contexto;1838,1840,1842,1844;Parque Guarus;28070576,28070577,28073251,28073252;621
CURIO;RUA CURIO | RUA CURIÓ;2;2;ambiguidade_por_contexto;493,1300;Goytacazes,nan;28023760,28146067;607,616
DAS ACACIAS;AVENIDA DAS ACÁCIAS | RUA DAS ACÁCIAS;3;3;ambiguidade_por_contexto;554,568,1017;Fazenda Santo Antônio,Parque Penha,Parque Tarcisio Miranda;28020197,28022140,28023009;608,613
DEPUTADO ALAIR FERREIRA;AVENIDA DEPUTADO ALAIR FERREIRA | AVENIDA DEPUTADO ALAIR FERREIRA - ATÉ 410 - LADO PAR | AVENIDA DEPUTADO ALAIR FERREIRA - ATÉ 513 - LADO ÍMPAR | AVENIDA DEPUTADO ALAIR FERREIRA - DE 412 A 800 - LADO PAR | AVENIDA DEPUTADO ALAIR FERREIRA - DE 515 AO FIM - LADO ÍMPAR | AVENIDA DEPUTADO ALAIR FERREIRA - DE 6 AO 586 - LADO PAR;6;6;ambiguidade_por_contexto;164,191,192,668,1210,1214;Centro,Goytacazes,Parque Turf Club;28010810,28013630,28015020,28023614,28024600,28027620;604,609,615
DEPUTADO BARTOLOMEU LIZANDRO;AVENIDA DEPUTADO BARTOLOMEU LIZANDRO - LADO PAR;5;5;ambiguidade_por_contexto;1453,1455,1457,1520,1522;Parque Fundão,Parque Jardim Carioca,Parque Santo Antônio,Parque Vera Cruz,Parque Vicente Gonçalves Dias;28060210,28060223,28080267,28080390,28080547;617,618
DEPUTADO NELSON MARTINS;RUA DEPUTADO NELSON MARTINS - ATÉ 109 - LADO ÍMPAR | RUA DEPUTADO NELSON MARTINS - ATÉ 88 - LADO PAR | RUA DEPUTADO NELSON MARTINS - DE 111 AO FIM - LADO ÍMPAR | RUA DEPUTADO NELSON MARTINS - DE 90 AO FIM - LADO PAR;4;4;ambiguidade_por_contexto;323,324,329,330;Parque Califórnia;28013691,28013692,28015351,28015352;606
DO CAPAO;ESTRADA DO CAPÃO;2;2;ambiguidade_por_contexto;782,893;Parque Aurora,Parque São Benedito;28025490,28026495;610,611
DOIS;AVENIDA DOIS | PRAÇA DOIS | RUA DOIS;6;6;ambiguidade_por_contexto;1854,1895,1949,1996,1998,2065;Jardim Lagoa das Pedras,Parque Aeroporto,Parque Barão do Rio Branco,Parque Boa Vista,Parque Guarus,Parque Presidente Vargas;28070040,28073580,28073700,28083331,28085510,28093130;621,622,623
DOMINGOS VIANA DE 312 AO 522;RUA DOMINGOS VIANA – DE 312 AO 522;2;2;ambiguidade_por_contexto;169,172;Parque Turf Club;28013085,28024140;604
DOMINGOS VIANA DE 387 AO 569;RUA DOMINGOS VIANA – DE 387 AO 569;2;2;ambiguidade_por_contexto;170,173;Parque Turf Club;28013085,28024140;604
DOS GOYTACAZES;RUA DOS GOYTACAZES - ATÉ 562 - LADO PAR | RUA DOS GOYTACAZES - ATÉ 607 - LADO ÍMPAR | RUA DOS GOYTACAZES - DE 564 A 976 - LADO PAR | RUA DOS GOYTACAZES - DE 609 A 1041 - LADO ÍMPAR | RUA DOS GOYTACAZES - DE 850 AO FIM - LADO PAR | RUA DOS GOYTACAZES - DE 915 AO FIM - LADO ÍMPAR;8;8;ambiguidade_por_contexto;122,123,124,132,959,960,1044,1045;Centro,Parque Turf Club;28010460,28013266,28026601,28026602,28027231,28027232;603,612,613
DOUTOR ARTHUR BERNARDES LOT JD FLAMBOYANT;AVENIDA DOUTOR ARTHUR BERNARDES (LOT JD FLAMBOYANT);2;2;ambiguidade_por_contexto;624,1202;Flamboyant;28020111;609,615
DOUTOR BEDA;RUA DOUTOR BEDA - ATÉ 327 - LADO ÍMPAR | RUA DOUTOR BEDA - ATÉ 402 - LADO PAR | RUA DOUTOR BEDA - DE 319 AO 751 - LADO ÍMPAR | RUA DOUTOR BEDA - DE 329 A 577 - LADO ÍMPAR | RUA DOUTOR BEDA - DE 370 AO 798 - LADO PAR | RUA DOUTOR BEDA - DE 404 A 618 - LADO PAR | TRAVESSA DOUTOR BEDA;7;7;ambiguidade_por_contexto;81,82,106,107,741,1064,1065;Parque Rosário,Parque São Benedito;28025110,28025811,28025812,28026591,28026592,28027817,28027818;602,610,613
DOUTOR LACERDA SOBRINHO;RUA DOUTOR LACERDA SOBRINHO - ATÉ 365 - LADO ÍMPAR | RUA DOUTOR LACERDA SOBRINHO - DE 2 A 318 - LADO PAR | RUA DOUTOR LACERDA SOBRINHO - DE 360 AO FIM - LADO PAR | RUA DOUTOR LACERDA SOBRINHO - DE 393 AO FIM - LADO ÍMPAR;4;4;ambiguidade_por_contexto;9,10,458,459;Centro,Parque Salo Brand;28010071,28010072,28010076,28010077;601,607
DOUTOR NEWTON GUARANA;AVENIDA DOUTOR NEWTON GUARANÁ;2;2;ambiguidade_por_contexto;787,808;Parque Novo Jockey,Parque Penha;28020803,28021245;611
DOUTOR PEDRO BARROSO;AVENIDA DOUTOR PEDRO BARROSO | RUA DOUTOR PEDRO BARROSO;2;2;ambiguidade_por_contexto;1454,1480;Parque Jardim Carioca,Parque Vicente Gonçalves Dias;28080600,28083300;617
DOUTOR RAUL ABBOTT ESCOBAR;RUA DOUTOR RAUL ABBOTT ESCOBAR - ATÉ 141 - LADO ÍMPAR | RUA DOUTOR RAUL ABBOTT ESCOBAR - ATÉ 152 - LADO PAR | RUA DOUTOR RAUL ABBOTT ESCOBAR - DE 143 AO FIM - LADO ÍMPAR | RUA DOUTOR RAUL ABBOTT ESCOBAR - DE 154 AO FIM - LADO PAR;4;4;ambiguidade_por_contexto;239,240,252,253;Parque Califórnia;28013314,28013315,28015311,28015312;605
F;RUA F;2;2;ambiguidade_por_contexto;1750,1752;Codim,Parque Eldorado;28090570,28090740;620
FORTALEZA;RUA FORTALEZA;2;2;ambiguidade_por_contexto;1644,2006;Parque Boa Vista,Parque Cidade Luz;28060810,28073565;619,622
FRANCISCO LAMEGO;AVENIDA FRANCISCO LAMEGO | TRAVESSA FRANCISCO LAMEGO;2;2;ambiguidade_por_contexto;1456,1510;Parque Jardim Carioca,Parque Vicente Gonçalves Dias;28080000,28080810;617
G;RUA G;2;2;ambiguidade_por_contexto;827,1754;Codim,Vivendas do Coqueiro II;28021375,28090580;611,620
GIL DE GOIS;RUA GIL DE GOIS - ATÉ 30 - LADO PAR | RUA GIL DE GOIS - ATÉ 33 - LADO ÍMPAR;2;2;ambiguidade_por_contexto;28,29;Centro;28010541,28010542;601
GILBERTO SIQUEIRA;RUA GILBERTO SIQUEIRA | TRAVESSA GILBERTO SIQUEIRA;2;2;ambiguidade_por_contexto;116,1707;Centro,Parque Fundão;28010400,28060377;603,619
H;RUA H;3;3;ambiguidade_por_contexto;1001,1756,2013;Codim,Parque Céu Azul,Vivendas do Coqueiro I;28021308,28083830,28090590;613,620,622
HIPOLITO SARDINHA;RUA HIPÓLITO SARDINHA - ATÉ 152 - LADO PAR | RUA HIPÓLITO SARDINHA - ATÉ 215 - LADO ÍMPAR | RUA HIPÓLITO SARDINHA - DE 154 AO FIM - LADO PAR | RUA HIPÓLITO SARDINHA - DE 217 AO FIM - LADO ÍMPAR;4;4;ambiguidade_por_contexto;2183,2184,2185,2186;Custodópolis,Parque Presidente Vargas;28083371,28083372,28085006,28085007;624
HUMBERTO ALVARO DE GUSMAO TRAVESSAO;RUA HUMBERTO ÁLVARO DE GUSMÃO - TRAVESSÃO | TRAVESSA HUMBERTO ÁLVARO DE GUSMÃO -  TRAVESSÃO;2;2;ambiguidade_por_contexto;2113,2138;TRAVESSÃO;28145240,28145565;623
I;RUA I;4;4;ambiguidade_por_contexto;823,1649,1758,2017;Codim,Parque Prazeres,Parque Presidente Vargas,Vivendas do Coqueiro II;28021371,28080100,28083780,28090600;611,619,620,622
IDOLINO NUNES BRASILEIRO;RUA IDOLINO NUNES BRASILEIRO | TRAVESSA IDOLINO NUNES BRASILEIRO;2;2;ambiguidade_por_contexto;326,332;Parque Califórnia,Parque Salo Brand;28015130,28015380;606
ITABORAI;RUA ITABORAÍ | TRAVESSA ITABORAÍ;2;2;ambiguidade_por_contexto;1747,1819;Parque Guarus;28070496,28070497;620
ITAPERUNA;RUA ITAPERUNA - ATÉ 169 - LADO ÍMPAR | RUA ITAPERUNA - ATÉ 184 - LADO PAR | RUA ITAPERUNA - DE 171 AO FIM - LADO ÍMPAR | RUA ITAPERUNA - DE 186 AO FIM - LADO PAR;4;4;ambiguidade_por_contexto;1751,1753,1755,1757;Parque Guarus;28070085,28070086,28070596,28070597;620
J;RUA J;3;3;ambiguidade_por_contexto;1759,1760,2019;Codim,Parque Aldeia,Parque Presidente Vargas;28060515,28083462,28090610;620,622
JOCA CASTRO;RUA JOCA CASTRO;2;2;ambiguidade_por_contexto;429,796;Goytacazes,Parque Penha;28021070,28023713;607,611
JOSE ALVES DE AZEVEDO;AVENIDA JOSÉ ALVES DE AZEVEDO | AVENIDA JOSÉ ALVES DE AZEVEDO - ATÉ 383 - LADO ÍMPAR | AVENIDA JOSÉ ALVES DE AZEVEDO - ATÉ 476 - LADO PAR | AVENIDA JOSÉ ALVES DE AZEVEDO - DE 795 A 1427 - LADO ÍMPAR | AVENIDA JOSÉ ALVES DE AZEVEDO - DE 797 A 407 - LADO ÍMPAR | AVENIDA JOSÉ ALVES DE AZEVEDO - DE 940 A 1100 - LADO PAR;6;6;ambiguidade_por_contexto;3,33,34,101,102,460;Centro,Parque Rosário;28010021,28025496,28025497,28026620,28026621,28026622;601,602,607
JOSE DE SOUZA NETO;RUA JOSÉ DE SOUZA NETO;2;2;ambiguidade_por_contexto;811,997;Parque Penha,Vivendas do Coqueiro I;28021260,28021303;611,613
JOSE FERNANDES REIS;RUA JOSÉ FERNANDES REIS;2;2;ambiguidade_por_contexto;1651,1653;Parque Prazeres,São Jorge;28080145,28080169;619
K;RUA K;2;2;ambiguidade_por_contexto;1657,1659;Parque Prazeres,São Jorge;28080168,28080745;619
L;RUA L;3;3;ambiguidade_por_contexto;1661,1776,2031;Codim,Parque Céu Azul,Parque Prazeres;28080750,28083800,28090490;619,620,622
LOUVIVAL MARTINS BEDA;AVENIDA LOUVIVAL MARTINS BEDA | RUA LOUVIVAL MARTINS BEDA;2;2;ambiguidade_por_contexto;655,656;Donana,Fazenda Santo Antônio;28023135,28023235;609
M;RUA M;2;2;ambiguidade_por_contexto;1780,2033;Codim,Parque Céu Azul;28083810,28090500;620,622
MAESTRO LOURENCO SOARES;RUA MAESTRO LOURENÇO SOARES - ATÉ 76 - LADO PAR | RUA MAESTRO LOURENÇO SOARES - ATÉ 79 - LADO ÍMPAR | RUA MAESTRO LOURENÇO SOARES - DE 310/311 AO FIM | RUA MAESTRO LOURENÇO SOARES - DE 78 A 308 - LADO PAR | RUA MAESTRO LOURENÇO SOARES - DE 81 A 309 - LADO ÍMPAR;5;5;ambiguidade_por_contexto;943,961,962,971,972;Parque Aurora;28025445,28026611,28026612,28027431,28027432;612
MANOEL DE SOUZA;RUA MANOEL DE SOUZA | TRAVESSA MANOEL DE SOUZA;2;2;ambiguidade_por_contexto;1489,1511;Jardim Carioca,Parque Jardim Carioca;28080320,28080800;617
MANOEL VIRGILIO;RUA MANOEL VIRGÍLIO | TRAVESSA MANOEL VIRGÍLIO;2;2;ambiguidade_por_contexto;809,810;Parque Penha;28021250,28021255;611
MARANHAO;RUA MARANHÃO | TRAVESSA MARANHÃO;2;2;ambiguidade_por_contexto;532,533;Parque Novo Jockey;28020837,28020838;608
MARCILIO MARTINS;RUA MARCÍLIO MARTINS;3;3;ambiguidade_por_contexto;968,970,975;Centro,Parque João Maria;28026855,28027400,28027800;612
MARECHAL FLORIANO;RUA MARECHAL FLORIANO - ATÉ 136 - LADO PAR | RUA MARECHAL FLORIANO - ATÉ 153 - LADO ÍMPAR | RUA MARECHAL FLORIANO - DE 138 AO FIM - LADO PAR | RUA MARECHAL FLORIANO - DE 155 AO FIM - LADO ÍMPAR;4;4;ambiguidade_por_contexto;53,54,55,56;Centro;28010161,28010162,28010166,28010167;602
MARIA DA PENHA TAVARES;RUA MARIA DA PENHA TAVARES | TRAVESSA MARIA DA PENHA TAVARES;2;2;ambiguidade_por_contexto;1492,1517;Parque Vicente Gonçalves Dias;28080199,28080785;617
MARIA TAVARES DE ALVARENGA;RUA MARIA TAVARES DE ALVARENGA | TRAVESSA MARIA TAVARES DE ALVARENGA;2;2;ambiguidade_por_contexto;424,425;Goytacazes;28023706,28023707;607
MARQUES DE VALENCA;RUA MARQUÊS DE VALENÇA;2;2;ambiguidade_por_contexto;1900,1902;Parque Guarus,Parque São Mateus;28073120,28073185;621
MELVIN JONES;PRAÇA MELVIN JONES | RUA MELVIN JONES;2;2;ambiguidade_por_contexto;969,974;Parque Rosário;28027340,28027535;612
MORRO DO COCO;RUA MORRO DO COCO - ATÉ 125 - LADO ÍMPAR | RUA MORRO DO COCO - ATÉ 84 - LADO PAR | RUA MORRO DO COCO - DE 127 AO FIM - LADO ÍMPAR | RUA MORRO DO COCO - DE 86 AO FIM - LADO PAR | TRAVESSA MORRO DO COCO;5;5;ambiguidade_por_contexto;1771,1773,1775,1777,1823;Parque Visconde de Ururaí;28060411,28060412,28070235,28070237,28070238;620
MURILO PEIXOTO;RUA MURILO PEIXOTO | TRAVESSA MURILO PEIXOTO;2;2;ambiguidade_por_contexto;2068,2080;Parque Eldorado,Parque São Silvestre;28090200,28090510;623
MUSSUREPE;RUA MUSSUREPE | TRAVESSA MUSSUREPE;2;2;ambiguidade_por_contexto;1783,1824;Parque Visconde de Ururaí;28070385,28070387;620
N;RUA N;2;2;ambiguidade_por_contexto;1790,2037;Codim,Parque Céu Azul;28083820,28090620;620,622
NAZARIO PEREIRA GOMES;RUA NAZÁRIO PEREIRA GOMES - ATÉ 213/214 | RUA NAZÁRIO PEREIRA GOMES - DE 215/216 A 439/440 | RUA NAZÁRIO PEREIRA GOMES - DE 441/442 AO FIM;3;3;ambiguidade_por_contexto;1582,1584,1676;Parque Fundão,Parque Guarus,Parque Vera Cruz;28060202,28060204,28070205;618,619
NOSSA SENHORA DA CONCEICAO;PRAÇA NOSSA SENHORA DA CONCEIÇÃO | RUA NOSSA SENHORA DA CONCEIÇÃO;2;2;ambiguidade_por_contexto;1047,1835;Parque Santa Rosa,Parque Turf Club;28027260,28085490;613,621
NOSSA SENHORA DA CONCEICAO TRAVESSAO;PRAÇA NOSSA SENHORA DA CONCEIÇÃO - TRAVESSÃO | RUA NOSSA SENHORA DA CONCEIÇÃO - TRAVESSÃO;2;2;ambiguidade_por_contexto;2084,2127;TRAVESSÃO;28145020,28145360;623
NOSSA SENHORA DA PENHA;RUA NOSSA SENHORA DA PENHA | TRAVESSA NOSSA SENHORA DA PENHA;3;3;ambiguidade_por_contexto;804,852,2061;Parque Calabouço,Parque Penha;28021220,28021470,28080783;611,622
NOSSA SENHORA DO CARMO;AVENIDA NOSSA SENHORA DO CARMO | AVENIDA NOSSA SENHORA DO CARMO - LADO PAR | AVENIDA NOSSA SENHORA DO CARMO - LADO ÍMPAR;5;5;ambiguidade_por_contexto;739,740,763,764,1129;Parque Rui Barbosa,Parque São Benedito,Parque Turf Club;28020800,28024167,28024168,28025486,28025487;610,615
NOVA;RUA NOVA;2;2;ambiguidade_por_contexto;416,539;Goytacazes,Parque Novo Jockey;28020844,28023693;607,608
NOVE;RUA NOVE;2;2;ambiguidade_por_contexto;727,2020;Parque Boa Vista,Parque Penha;28021640,28073563;610,622
OITO;RUA OITO;2;2;ambiguidade_por_contexto;726,2022;Parque Boa Vista,Parque Penha;28021630,28073560;610,622
OLIMPIO LINHARES;RUA OLÍMPIO LINHARES | TRAVESSA OLIMPIO LINHARES;2;2;ambiguidade_por_contexto;300,441;Goytacazes;28023582,28023730;605,607
PINHEIRO MACHADO AV;PINHEIRO MACHADO, AV.;2;2;ambiguidade_por_contexto;1144,1366;FAROL DE SÃO TOMÉ;28142002,28142143;615,616
PRINCESA ISABEL;RUA PRINCESA ISABEL - ATÉ 394 - LADO PAR | RUA PRINCESA ISABEL - ATÉ 405 - LADO ÍMPAR | RUA PRINCESA ISABEL - DE 396 AO FIM - LADO PAR | RUA PRINCESA ISABEL - DE 407 AO FIM - LADO ÍMPAR;4;4;ambiguidade_por_contexto;1212,1213,1368,1369;Parque Rosário;28024151,28024152,28027091,28027092;615,616
PROFESSORA CARMEM CARNEIRO;AVENIDA PROFESSORA CARMEM CARNEIRO - ATÉ 982 - LADO PAR | AVENIDA PROFESSORA CARMEM CARNEIRO - ATÉ 983 - LADO ÍMPAR | AVENIDA PROFESSORA CARMEM CARNEIRO - DE 1392/1393 A 1677/1678 | AVENIDA PROFESSORA CARMEM CARNEIRO - DE 1680/1681 AO FIM | AVENIDA PROFESSORA CARMEM CARNEIRO - DE 985/986 A 1390/1391;5;5;ambiguidade_por_contexto;1960,1962,1964,1966,2062;Parque Aeroporto,Parque Jardim Carioca;28080424,28080425,28083510,28085710,28090115;622,623
PROJETADA A;RUA PROJETADA A | TRAVESSA PROJETADA A;7;7;ambiguidade_por_contexto;50,530,1561,1592,1593,1810,2071;Custodópolis,Parque Aurora,Parque Calabouço,Parque Novo Jockey,Parque São Domingos,Parque Vera Cruz,Vila Industrial;28020835,28026550,28060395,28080760,28085270,28085655,28090015;601,608,618,620,623
PROJETADA B;RUA PROJETADA B | TRAVESSA PROJETADA B;4;4;ambiguidade_por_contexto;1563,1595,2049,2073;Custodópolis,Parque Calabouço,Parque Céu Azul,Parque São Domingos;28080782,28083670,28085635,28085665;618,622,623
PROJETADA C;RUA PROJETADA C | TRAVESSA PROJETADA C;3;3;ambiguidade_por_contexto;100,528,1597;Custodópolis,Parque Aurora,Parque Novo Jockey;28020833,28026605,28085645;602,608,618
QUATORZE;RUA QUATORZE;2;2;ambiguidade_por_contexto;732,887;Alphaville,Parque Penha;28021690,28024726;610,611
QUINZE;RUA QUINZE;2;2;ambiguidade_por_contexto;733,2051;Parque Alvorada,Parque Penha;28021700,28083720;610,622
ROSSINE QUINTANILHA CHAGAS;RUA ROSSINE QUINTANILHA CHAGAS - ATÉ 121 - LADO ÍMPAR | RUA ROSSINE QUINTANILHA CHAGAS - ATÉ 124 - LADO PAR | RUA ROSSINE QUINTANILHA CHAGAS - DE 127 AO 193 - LADO ÍMPAR | RUA ROSSINE QUINTANILHA CHAGAS - DE 142 AO 198 - LADO PAR | TRAVESSA ROSSINE QUINTANILHA CHAGAS;5;5;ambiguidade_por_contexto;788,789,790,1030,1031;Parque Imperial,Parque Penha;28021001,28021002,28021005,28022321,28022323;611,613
RUI BARBOSA;AVENIDA RUI BARBOSA | AVENIDA RUI BARBOSA - DE 727 AO FIM - LADO ÍMPAR;2;2;ambiguidade_por_contexto;227,228;Centro,Parque Aldeia;28010005,28013000;605
SALDANHA MARINHO;RUA SALDANHA MARINHO | RUA SALDANHA MARINHO - ATÉ 155 - LADO ÍMPAR | RUA SALDANHA MARINHO - DE 377 AO 503 - LADO ÍMPAR | RUA SALDANHA MARINHO - DE 426 AO 474 - LADO PAR;4;4;ambiguidade_por_contexto;64,65,78,2267;Centro;28010271,28010272,28013021,28013022;602,603
SANTA ROSA;AVENIDA SANTA ROSA | ESTRADA SANTA ROSA;2;2;ambiguidade_por_contexto;1829,1831;Custodópolis,Parque Santa Clara;28085030,28085500;621
SANTO AMARO;RUA SANTO AMARO | TRAVESSA SANTO AMARO;3;3;ambiguidade_por_contexto;279,1803,1820;Goytacazes,Parque Visconde de Ururaí,Vila Industrial;28023471,28070326,28090017;605,620
SANTO ANTONIO;PRAÇA SANTO ANTÔNIO | RUA SANTO ANTÔNIO | TRAVESSA SANTO ANTÔNIO;3;3;ambiguidade_por_contexto;1012,1459,1501;Parque Jóquei Club,Parque Santo Antônio;28022085,28080515,28080525;613,617
SANTO EDUARDO;RUA SANTO EDUARDO | TRAVESSA SANTO EDUARDO;2;2;ambiguidade_por_contexto;1805,1825;Parque Visconde de Ururaí;28070245,28070246;620
SAO CLEMENTE;RUA SÃO CLEMENTE;2;2;ambiguidade_por_contexto;444,950;Goytacazes,Parque Maciel;28023734,28025560;607,612
SAO GONCALO;RUA SÃO GONÇALO;3;3;ambiguidade_por_contexto;197,1809,1924;Goytacazes,Parque Guarus,Parque São Mateus;28023592,28070216,28073225;604,620,621
SAO JOAO DA BARRA;AVENIDA SÃO JOÃO DA BARRA - DE 1171 AO FIM - LADO ÍMPAR | AVENIDA SÃO JOÃO DA BARRA - DE 492 AO FIM - LADO PAR | RUA SÃO JOÃO DA BARRA;3;3;ambiguidade_por_contexto;255,256,1926;Parque Califórnia,Parque Guarus;28015471,28015472,28073110;605,621
SAPUCAINHA;RUA SAPUCAINHA | TRAVESSA SAPUCAINHA;2;2;ambiguidade_por_contexto;1812,1822;Parque São Silvestre,Vila Industrial;28090012,28090525;620
SARDINHA;AVENIDA SARDINHA | TRAVESSA SARDINHA;2;2;ambiguidade_por_contexto;2147,2201;Parque Bonsucesso,Parque Novo Mundo;28085125,28085505;624
SEIS;RUA SEIS;4;4;ambiguidade_por_contexto;724,878,2032,2055;Alphaville,Parque Boa Vista,Parque Penha,Parque Zuza Mota;28021610,28024710,28073550,28083765;610,611,622
SENADOR JOSE CARLOS PEREIRA PINTO;AVENIDA SENADOR JOSÉ CARLOS PEREIRA PINTO - ATÉ 294 - LADO PAR | AVENIDA SENADOR JOSÉ CARLOS PEREIRA PINTO - ATÉ 301 - LADO ÍMPAR | AVENIDA SENADOR JOSÉ CARLOS PEREIRA PINTO - DE 296 A 820 - LADO PAR | AVENIDA SENADOR JOSÉ CARLOS PEREIRA PINTO - DE 303 A 751 - LADO ÍMPAR | AVENIDA SENADOR JOSÉ CARLOS PEREIRA PINTO - DE 753 AO FIM - LADO ÍMPAR | AVENIDA SENADOR JOSÉ CARLOS PEREIRA PINTO - DE 822 AO FIM - LADO PAR;6;6;ambiguidade_por_contexto;1617,1619,2149,2151,2153,2155;Parque Calabouço,Parque Novo Mundo,Parque Presidente Vargas,Parque Vicente Gonçalves Dias;28080791,28080792,28083101,28083102,28083426,28083463;619,624
SENADOR TARCISIO MIRANDA;AVENIDA SENADOR TARCÍSIO MIRANDA - ATÉ 315 - LADO ÍMPAR | AVENIDA SENADOR TARCÍSIO MIRANDA - ATÉ 340 - LADO PAR | AVENIDA SENADOR TARCÍSIO MIRANDA - DE 317 AO FIM - LADO ÍMPAR | AVENIDA SENADOR TARCÍSIO MIRANDA - DE 342 AO FIM - LADO PAR;4;4;ambiguidade_por_contexto;1006,1007,1199,1200;Parque Turf Club;28020801,28020802,28022041,28022042;613,615
SERVIDAO VIEIRA DA SILVA;RUA SERVIDÃO VIEIRA DA SILVA | SERVIDÃO VIEIRA DA SILVA;2;2;ambiguidade_por_contexto;762,777;Parque Aurora;28025470,28025840;610
SETE;RUA SETE;2;2;ambiguidade_por_contexto;725,2038;Parque Boa Vista,Parque Penha;28021620,28073540;610,622
SETE DE SETEMBRO;AVENIDA SETE DE SETEMBRO - ATÉ 206 - LADO PAR | AVENIDA SETE DE SETEMBRO - ATÉ 221 - LADO ÍMPAR | AVENIDA SETE DE SETEMBRO - DE 230 AO 490 - LADO PAR | AVENIDA SETE DE SETEMBRO - DE 235 AO 509 - LADO ÍMPAR;4;4;ambiguidade_por_contexto;74,75,134,135;Centro;28010561,28010562,28013331,28013332;602,603
SIQUEIRA E SILVA;RUA SIQUEIRA E SILVA | TRAVESSA SIQUEIRA E SILVA;2;2;ambiguidade_por_contexto;310,319;Centro;28013013,28013540;606
TENENTE CORONEL CARDOSO;RUA TENENTE-CORONEL CARDOSO - ATÉ 424 - LADO PAR | RUA TENENTE-CORONEL CARDOSO - ATÉ 427 - LADO ÍMPAR | RUA TENENTE-CORONEL CARDOSO - DE 445 A 555 - LADO ÍMPAR | RUA TENENTE-CORONEL CARDOSO - DE 460 A 526 - LADO PAR;4;4;ambiguidade_por_contexto;76,77,140,141;Centro,Parque Califórnia;28010801,28010802,28013461,28013462;602,603
TERTULIANO VIANA;RUA TERTULIANO VIANA;2;2;ambiguidade_por_contexto;670,680;Parque Jóquei Club,Parque Novo Jockey;28020015,28020869;610
TRES;AVENIDA TRÊS | RUA TRÊS;3;3;ambiguidade_por_contexto;1951,2042,2059;Parque Boa Vista,Parque Presidente Vargas;28073530,28083333,28083775;622
TREZE;RUA TREZE;3;3;ambiguidade_por_contexto;607,731,2057;Parque Alvorada,Parque Penha,Parque Tropical;28021680,28022830,28083155;609,610,622
UM;PRAÇA UM | RUA UM;3;3;ambiguidade_por_contexto;1856,2044,2072;Parque Aeroporto,Parque Boa Vista,Parque Guarus;28070700,28073557,28093530;621,622,623
VEREADOR AMARO SOARES;RUA VEREADOR AMARO SOARES | TRAVESSA VEREADOR AMARO SOARES;2;2;ambiguidade_por_contexto;291,292;Goytacazes;28023568,28023569;605
VINTE DE MAIO;TRAVESSA VINTE DE MAIO;2;2;ambiguidade_por_contexto;775,776;Parque Aurora,Parque São Benedito;28025685,28025780;610
VISCONDE DE ITABORAI;RUA VISCONDE DE ITABORAÍ - ATÉ 105 - LADO ÍMPAR | RUA VISCONDE DE ITABORAÍ - ATÉ 80 - LADO PAR | RUA VISCONDE DE ITABORAÍ - DE 107 A 515 - LADO ÍMPAR | RUA VISCONDE DE ITABORAÍ - DE 519 AO 839 - LADO ÍMPAR | RUA VISCONDE DE ITABORAÍ - DE 520 AO 826 - LADO PAR | RUA VISCONDE DE ITABORAÍ - DE 82 A 510 - LADO PAR;6;6;ambiguidade_por_contexto;31,32,92,93,471,472;Parque Rosário;28010571,28010572,28026148,28026149,28027141,28027142;601,602,607
WILSON BATISTA;AVENIDA WILSON BATISTA | TRAVESSA WILSON BATISTA;2;2;ambiguidade_por_contexto;1618,1714;Parque Aldeia;28060555,28060560;619
ZUZA MOTA;AVENIDA ZUZA MOTA;3;3;ambiguidade_por_contexto;1953,1955,1957;Parque Alvorada,Parque Calabouço,Parque Presidente Vargas;28083000,28083461,28083735;622
