rua_id;nome_rua;distrito
1440;ARTHUR FRANCISCO EUGÊNIO ( PQ RES PRIMAVERA);616
30;AVENIDA QUINZE DE NOVEMBRO - ATÉ 64/65;601
1441;BETRALDO MANHÃES  ( PQ RES PRIMAVERA);616
1420;CANAVIEIRAS, RUA;616
1442;CLÓVIS FRANCISCO DA SILVA  ( PQ RES PRIMAVERA);616
1165;CONSTÂNCIA, RUA DONA;615
1443;ESCRIVÃ MARIA DE JESUS PEREIRA ( PQ RES PRIMAVERA);616
1444;ESCRIVÃ MARIA JOSÉ NEVES  ( PQ RES PRIMAVERA);616
1154;GRAÇAS, RUA NOSSA SRA DAS;615
1445;JANETE CRUZ SIQUEIRA ( PQ RES PRIMAVERA);616
1446;JOELSON GOMES GUIMARÃES ( PQ RES PRIMAVERA);616
1128;LOURDES, RUA NOSSA SRA DE;614
1447;MARCOS ANTÔNIO RIBEIRO DIAS ( PQ RES PRIMAVERA);616
1448;MARIA DA PENHA BATISTA ( PQ RES PRIMAVERA);616
1449;PAULO NOGUEIRA PAMPLONA  ( PQ RES PRIMAVERA);616
2064;PRAÇA DURVAL LIMA;623
1376;PRAÇA PAPA JOÃO XXIII;616
2085;PRAÇA ROCKEFELLER FELISBERTO DE LIMA -  TRAVESSÃO;623
2086;PRAÇA SILÊNIO CÉSAR TERRA - TRAVESSÃO;623
1450;ROGÉRIA DE MIRANDA DA SILVA  ( PQ RES PRIMAVERA);616
1451;ROSA MARIA SIQUEIRA PAMPLONA  ( PQ RES PRIMAVERA);616
1837;RUA AB-1;621
1839;RUA AB-10;621
1841;RUA AB-11;621
1843;RUA AB-12;621
1845;RUA AB-13;621
1847;RUA AB-14;621
1849;RUA AB-2;621
1851;RUA AB-3;621
1853;RUA AB-4;621
1859;RUA AB-7;621
1861;RUA AB-8;621
1863;RUA AB-9;621
2204;RUA AMAPÁ -  KM 14;624
2206;RUA AMARO SALES PINTO - TRAVESSÃO;624
550;RUA AYRTON SENNA;608
2173;RUA B (FAROFA);624
1879;RUA B (RES LAPA I);621
1630;RUA C (FAZ ALDEIA);619
2101;RUA CARLOS DE JESUS - TRAVESSÃO;623
2212;RUA CINCO ( KM 15 ) TRAVESSÃO;624
2213;RUA CINCO - NOVA CANAÃ;624
2102;RUA CONSTANTINO BRAGANÇA - TRAVESSÃO;623
2103;RUA CÂNDIDO DUTRA -  TRAVESSÃO;623
347;RUA DARIO MANINHO / COND 130;606
2214;RUA DEZ - NOVA CANAÃ;624
2108;RUA DORMÍRIO MUNIZ BARRETO - TRAVESSÃO;623
2216;RUA DOZE - NOVA CANAÃ;624
2110;RUA EDMUNDO LINS - TRAVESSÃO;623
692;RUA EDÉSIO GUIMARÃES PEREIRA DA SILVA (VILA MANHÃES);610
697;RUA ELZA SOARES (VILA MENEZES);610
2098;RUA ETELVINO NOGUEIRA - TRAVESSÃO;623
1642;RUA F (FAZ ALDEIA);619
364;RUA FREDERICO DE MENEZES VEIGA;606
360;RUA G (PARQUE VISCONDE IL);606
1646;RUA G-1 (FAZ ALDEIA);619
1648;RUA G-2 (FAZ ALDEIA);619
2217;RUA GERICÓ -  KM 14;624
1654;RUA H (FAZ ALDEIA);619
1549;RUA H (PRQ PLANÍCIE);618
1660;RUA I (FAZ ALDEIA);619
1662;RUA J (FAZ ALDEIA);619
671;RUA JORGE EMÍLIO FONTES NEVES;610
703;RUA JOSÉ ADRIANO LOPES (VILA MENEZES);610
702;RUA JUDITH LOPES (VILA MENEZES);610
15;RUA KIRK;601
1670;RUA L (FAZ ALDEIA);619
2164;RUA LIONS CLUB DE CAMPOS PLANICE;624
687;RUA LÚCIO LOPES (ESTÂNCIA DA PENHA);610
1672;RUA M (FAZ ALDEIA);619
2224;RUA MARGEM DO ASFALTO - TRAVESSÃO;624
389;RUA MARIA DE LOURDES TINOCO RIBEIRO GOMES / STA LUZIA;606
701;RUA MARÍLIA AMARAL (VILA MENEZES);610
2125;RUA MONTE SIÃO - TRAVESSÃO;623
2227;RUA MURIAÉ -  KM 14;624
700;RUA MÁRIO QUEIROZ DE SOUZA (VILA MENEZES);610
2228;RUA NOVE - NOVA CANAÃ;624
914;RUA ONZE (RES JOCKEY II);612
2230;RUA ONZE - NOVA CANAÃ;624
344;RUA OSCAR NIEMEYER;606
699;RUA OSMAR FONSECA (VILA MENEZES);610
350;RUA OSWALDO MARCOS SOBRAL SORIANO / COND 130;606
662;RUA PASTOR BENJAMIN LENZ DE ARAÚJO CÉSAR;609
512;RUA PROJETADA C (LOT SUN SET JOCKEY);608
511;RUA PROJETADA D (LOT SUN SET JOCKEY);608
2235;RUA QUATRO - NOVA CANAÃ;624
2236;RUA QUINZE - NOVA CANAÃ;624
835;RUA RAMALHO ORTIGÃO;611
1916;RUA RESENDE;621
688;RUA ROSANA MARCONDE (ESTÂNCIA DA PENHA);610
376;RUA SAMUEL SANTOS;606
2240;RUA SEIS - NOVA CANAÃ;624
2241;RUA SETE ( KM 15 ) - TRAVESSÃO;624
2242;RUA SETE - NOVA CANAÃ;624
73;RUA TIRADENTE BATALHAO;602
2249;RUA TREZE - NOVA CANAÃ;624
2250;RUA TRINTA E NOVE - NOVA CANAÃ;624
2251;RUA TRÊS ( KM 15 ) - TRAVESSÃO;624
2253;RUA UM ( KM 15 ) - TRAVESSÃO;624
2254;RUA UM -  NOVA CANAÃ;624
698;RUA UMBELINA RIBEIRO (VILA MENEZES);610
704;RUA VALMOR BARBOSA (VILA MENEZES);610
915;RUA VINÍCIUS DE MORAES (RES JOCKEY II);612
2199;RUA WALDOVINO MUNIZ MORGADO;624
2174;RUA Z (JD AEROPORTO);624
1452;TALES DE AZEREDO  ( PQ RES PRIMAVERA);616
1156;THOMÉ, RUA SÃO;615
693;TRAVESSA ANTÔNIO LICASALIO (VILA MANHÃES);610
694;TRAVESSA EDITE DE SOUZA LICASALIO (VILA MANHÃES);610
1818;TRAVESSA HAITI;620
2143;TRAVESSA VICENTE SIQUEIRA -  TRAVESSÃO;623
1613;VILA CUSTÓDIO;618
